,ssndataquality,dobdataquality,firstentrydate,state,matchingpersonalid,isbcpp,isbcpes,istlp,ismgh,issop,whenupdateddate,cleandashage,cleandashrace,cleandashethnicity,cleandashgender
60,1,99,1/16/2016,me,650,,1.0,,,1.0,20490,17,2.0,,1.0
70,1,99,10/8/2014,me,660,,1.0,1.0,,,20117,19,4.0,,1.0
78,1,1,2/12/2015,me,668,,1.0,,,1.0,20103,17,4.0,,1.0
86,1,1,10/21/2015,me,676,,1.0,,,1.0,20382,16,4.0,,
87,9,1,4/9/2015,me,677,,1.0,,,1.0,20202,18,4.0,,
100,1,1,1/29/2016,me,690,,1.0,1.0,,,20490,17,4.0,,
101,1,1,5/8/2015,me,691,,1.0,,,1.0,20249,17,4.0,,
102,1,99,2/26/2015,me,692,,1.0,1.0,,1.0,20208,18,4.0,,1.0
109,1,1,10/1/2015,me,699,,1.0,1.0,,,20411,18,4.0,,1.0
115,1,1,12/30/2015,me,705,,1.0,1.0,,,20464,17,4.0,,1.0
117,1,99,4/29/2015,me,707,,1.0,1.0,,,20220,17,4.0,,
123,1,99,2/10/2015,me,713,,1.0,1.0,,,20251,17,2.0,,
129,1,99,11/3/2015,me,719,,1.0,1.0,,,20437,18,2.0,,1.0
130,1,1,3/11/2015,me,720,,1.0,,,1.0,20231,17,4.0,,
139,1,1,10/9/2015,me,729,,1.0,,,1.0,20208,18,4.0,,3.0
140,1,99,12/3/2014,me,730,,1.0,1.0,,,20101,18,4.0,,
142,1,1,3/9/2016,me,732,,1.0,,,1.0,20507,17,4.0,,1.0
150,1,1,2/5/2015,me,740,,1.0,1.0,,1.0,20208,18,4.0,,
167,1,1,10/30/2014,me,757,,1.0,,,1.0,20103,17,4.0,,1.0
173,1,1,2/16/2016,me,763,,1.0,1.0,,1.0,20251,18,4.0,,1.0
176,1,1,11/20/2015,me,766,,1.0,1.0,,,20418,19,4.0,,1.0
182,1,1,3/21/2016,me,772,,1.0,,,1.0,20489,17,2.0,,
185,1,1,8/19/2015,me,775,,1.0,,,1.0,20321,17,4.0,,
186,1,99,10/15/2014,me,776,,1.0,,,1.0,20102,18,4.0,,
207,1,99,3/13/2015,me,797,,1.0,,,1.0,20277,17,4.0,,
214,1,1,10/17/2014,me,804,,1.0,,,1.0,20192,15,4.0,,1.0
217,1,99,9/8/2014,me,807,,1.0,1.0,,,20049,18,4.0,,
226,1,1,5/18/2015,me,816,,,1.0,,1.0,20241,18,4.0,,
244,1,1,9/8/2015,me,835,,,1.0,,1.0,20117,18,4.0,,
249,1,1,3/4/2016,me,840,,,1.0,,1.0,20523,17,4.0,,1.0
273,1,1,12/31/2014,me,866,,,1.0,,1.0,20117,20,5.0,,
285,1,1,6/3/2015,me,880,,,1.0,,1.0,20220,18,4.0,,
291,1,1,3/14/2016,me,887,,,1.0,,1.0,20117,16,4.0,,
305,1,99,10/9/2014,me,903,,,1.0,,1.0,20304,20,4.0,,
310,1,1,1/26/2015,me,909,,,1.0,,1.0,20237,18,4.0,,2.0
314,1,99,11/4/2014,me,913,,,1.0,,1.0,20117,18,4.0,,1.0
316,1,1,3/8/2016,me,915,,,1.0,,1.0,20117,18,4.0,,
318,1,99,8/19/2015,me,918,,,1.0,,1.0,20374,19,2.0,,1.0
336,1,1,10/27/2014,me,939,,,1.0,,1.0,20117,20,2.0,,
523,99,99,11/7/2014,ma,1151,,,1.0,,1.0,20566,999,999.0,999.0,999.0
812,8,99,10/1/2014,nh,1442,,1.0,,,1.0,20488,14,4.0,,
813,1,1,5/1/2015,nh,1443,,1.0,,,1.0,20296,16,5.0,,1.0
834,8,1,1/7/2016,nh,1464,1.0,1.0,,,,20460,14,4.0,,1.0
850,8,1,2/17/2016,nh,1490,1.0,,,,1.0,20296,16,4.0,,1.0
875,1,1,6/18/2015,nh,1516,,,1.0,,1.0,20296,19,999.0,1.0,1.0
879,1,1,10/17/2014,nh,1520,,,1.0,,1.0,20431,18,4.0,,
893,1,1,9/24/2015,nh,1534,,,1.0,,1.0,20494,21,4.0,,1.0
897,1,1,3/1/2016,nh,1560,,,1.0,,1.0,20514,19,4.0,,
908,1,1,12/14/2013,nh,1573,,,1.0,,1.0,20320,20,4.0,,1.0
912,2,99,11/19/2014,nh,1577,,,1.0,,1.0,20319,19,4.0,1.0,
1123,99,99,12/2/2015,ma,1813,,1.0,1.0,,,20566,999,999.0,999.0,999.0
1448,8,99,2/6/2015,ny,10000243,,1.0,1.0,,,20565,17,2.0,,
1604,8,99,6/26/2015,nj,10000662,,1.0,1.0,,,20359,17,4.0,,
1615,8,99,11/24/2014,nj,10000673,,1.0,1.0,,,20363,18,2.0,,1.0
1630,8,99,11/9/2015,nj,10000689,,1.0,,,1.0,20570,999,999.0,999.0,999.0
1645,8,99,2/4/2015,ny,10000708,1.0,1.0,,,,20193,15,4.0,1.0,
1657,8,99,9/4/2015,ny,10000720,1.0,1.0,,,,20381,13,4.0,1.0,3.0
2697,1,99,4/30/2015,ny,10001760,,1.0,1.0,,,20569,17,4.0,,1.0
2843,1,99,3/24/2015,ny,10001906,,1.0,1.0,,,20374,17,2.0,,
2910,8,1,10/22/2015,ny,10001973,,1.0,1.0,,,20480,16,4.0,1.0,
2964,1,99,12/5/2014,ny,10002027,,1.0,1.0,,,20374,17,2.0,,
3078,8,99,10/20/2015,ny,10002142,,1.0,1.0,,,20579,999,999.0,999.0,999.0
3092,8,99,7/29/2015,ny,10002156,,,1.0,1.0,,20401,11,2.0,1.0,1.0
3094,1,99,7/29/2015,ny,10002158,,,1.0,1.0,,20384,16,2.0,1.0,
3103,8,99,11/12/2014,ny,10002167,,,1.0,1.0,,20579,999,999.0,999.0,999.0
3135,8,1,7/9/2015,ny,10002203,,,1.0,,1.0,20188,20,2.0,,1.0
3456,1,99,12/8/2015,va,10002537,,1.0,,,1.0,20563,18,2.0,,
3520,1,99,10/27/2015,ny,10002601,,1.0,1.0,,,20394,16,2.0,1.0,
3584,99,99,12/22/2014,ny,20000312,,1.0,1.0,,,20432,17,4.0,,1.0
3609,2,99,6/13/2015,ny,20000337,,1.0,,,1.0,20562,16,2.0,1.0,3.0
3663,8,99,12/11/2015,ny,20000391,,1.0,,,1.0,20562,999,999.0,999.0,999.0
3794,1,99,10/21/2014,ny,20000546,,1.0,1.0,,,20439,16,4.0,,
3795,1,99,11/24/2014,ny,20000547,,1.0,1.0,,,20569,999,999.0,999.0,999.0
3796,1,99,6/10/2015,ny,20000548,,1.0,1.0,,,20569,999,999.0,999.0,999.0
3797,1,99,11/2/2015,ny,20000549,,1.0,1.0,,,20564,999,999.0,999.0,999.0
3799,1,99,9/1/2014,ny,20000551,,1.0,1.0,,,20569,999,999.0,999.0,999.0
3802,1,99,12/18/2014,ny,20000554,,1.0,1.0,,,20569,17,4.0,,1.0
3803,1,99,10/12/2015,ny,20000555,,1.0,1.0,,,20569,18,2.0,,
3804,1,99,3/31/2015,ny,20000556,,1.0,1.0,,,20569,17,4.0,,1.0
3805,1,99,10/5/2015,ny,20000557,,1.0,1.0,,,20569,999,999.0,999.0,999.0
3809,1,99,11/3/2014,ny,20000561,,1.0,1.0,,,20569,999,999.0,999.0,999.0
3811,1,99,4/9/2015,ny,20000563,,1.0,1.0,,,20569,16,4.0,1.0,
3815,1,99,11/14/2014,ny,20000568,,1.0,1.0,,,20569,999,999.0,999.0,999.0
3846,1,1,10/23/2014,ny,20000623,1.0,1.0,,,,20524,17,2.0,,
3958,1,99,1/30/2015,ny,20000747,,1.0,1.0,,,20234,17,2.0,,
3959,8,99,4/24/2015,ny,20000748,,1.0,1.0,,1.0,20562,17,2.0,,2.0
3979,2,99,6/26/2015,ny,20000770,,1.0,1.0,,1.0,20557,16,2.0,,1.0
3980,8,99,9/30/2014,ny,20000771,,1.0,1.0,,,20031,16,4.0,1.0,1.0
3985,8,99,7/24/2015,ny,20000776,,,1.0,,1.0,20549,17,2.0,,1.0
4030,8,99,11/12/2014,ny,20000830,,1.0,,,1.0,20550,16,2.0,,
4067,8,99,7/17/2015,ny,20000877,,1.0,,,1.0,20549,16,1.0,1.0,1.0
4068,8,99,6/12/2015,ny,20000878,,1.0,,,1.0,20562,16,2.0,,2.0
4206,1,99,2/9/2016,nj,20001041,,1.0,,,1.0,20570,999,999.0,999.0,999.0
4290,99,1,12/16/2015,nj,20001125,,1.0,,,1.0,20451,16,4.0,,1.0
4483,1,99,8/20/2015,nj,20001319,,,1.0,,1.0,20401,19,2.0,,
4706,1,99,2/12/2016,nj,20001545,,1.0,1.0,,,20541,17,2.0,,1.0
4721,1,99,6/13/2015,nj,20001560,,1.0,1.0,,,20517,18,4.0,,1.0
4727,8,99,10/28/2014,nj,20001566,,1.0,1.0,,,20340,16,4.0,,
4742,8,99,5/25/2015,nj,20001583,,1.0,1.0,,,20527,19,4.0,,1.0
4743,1,1,6/4/2015,nj,20001584,,1.0,1.0,,,20340,16,4.0,,1.0
4752,8,99,4/1/2015,nj,20001594,,1.0,1.0,,,20340,18,4.0,,1.0
4766,1,99,12/21/2014,nj,20001608,,1.0,1.0,,,20248,19,2.0,,1.0
4782,8,99,8/31/2015,nj,20001625,,1.0,1.0,,,20370,16,2.0,,1.0
4816,1,99,11/4/2015,nj,20001664,,1.0,1.0,,,20535,19,2.0,,1.0
4818,1,99,3/2/2016,nj,20001666,,1.0,1.0,,,20570,999,999.0,999.0,999.0
5194,8,99,9/22/2015,pa,40000719,1.0,1.0,,,,20387,17,4.0,,
5698,9,99,2/1/2016,va,50000188,,1.0,,,1.0,20495,16,2.0,,1.0
5702,1,1,5/7/2015,va,50000192,,1.0,,,1.0,20220,18,2.0,,1.0
5739,1,1,5/7/2015,va,50000229,,1.0,,,1.0,20481,18,4.0,,1.0
5754,1,1,7/6/2015,va,50000244,,1.0,,,1.0,20417,16,2.0,,1.0
6022,8,99,6/26/2015,fl,60001999,,1.0,,,1.0,20416,13,4.0,,1.0
6535,1,99,2/2/2015,fl,60003314,1.0,1.0,,,,20270,16,4.0,,
6848,8,99,10/29/2015,mi,60003970,1.0,1.0,,,,20566,14,5.0,1.0,
6925,1,99,6/23/2014,nc,70000903,,,1.0,1.0,,20018,11,2.0,,1.0
6952,1,99,10/5/2014,fl,80000044,,1.0,1.0,,,20335,17,999.0,1.0,1.0
6953,1,99,10/10/2014,fl,80000045,,1.0,1.0,,,20415,16,999.0,,
6959,1,99,3/20/2015,fl,80000051,,1.0,1.0,,,20244,16,999.0,,
6963,1,1,12/13/2015,fl,80000055,,1.0,1.0,,,20534,17,999.0,,1.0
6966,1,1,7/27/2015,fl,80000058,,1.0,1.0,,,20282,17,999.0,,
6967,1,99,12/6/2014,fl,80000059,,1.0,1.0,,,20244,16,999.0,,1.0
7657,1,99,1/11/2016,nc,80001619,1.0,1.0,,,,20548,999,999.0,999.0,999.0
7658,1,99,8/24/2015,nc,80001620,1.0,1.0,,,,20569,15,2.0,,1.0
7661,1,99,1/1/2016,nc,80001623,1.0,1.0,,,,20548,999,999.0,999.0,999.0
7665,8,99,10/13/2015,nc,80001627,1.0,1.0,,,,20571,999,999.0,999.0,999.0
7667,8,99,2/16/2016,nc,80001629,1.0,1.0,,,,20548,14,2.0,,1.0
7669,1,99,12/22/2015,nc,80001631,1.0,1.0,,,,20548,999,999.0,999.0,999.0
7672,1,99,2/22/2016,nc,80001634,1.0,1.0,,,,20548,999,999.0,999.0,999.0
7673,1,1,12/3/2015,nc,80001635,1.0,1.0,,,,20408,14,2.0,,
7674,1,99,12/7/2015,nc,80001636,1.0,1.0,,,,20445,15,4.0,,1.0
7675,1,99,3/3/2016,nc,80001637,1.0,1.0,,,,20548,16,2.0,,
7677,1,99,12/10/2015,nc,80001639,1.0,1.0,,,,20569,999,999.0,999.0,999.0
7678,1,1,9/3/2015,nc,80001640,1.0,1.0,,,,20445,15,4.0,1.0,
7679,1,99,11/23/2015,nc,80001641,1.0,1.0,,,,20452,17,2.0,,
7680,1,99,3/29/2016,nc,80001642,1.0,1.0,,,,20548,999,999.0,999.0,999.0
7689,2,99,10/5/2015,nc,80001651,1.0,1.0,,,,20559,999,999.0,999.0,999.0
7690,8,99,3/7/2015,nc,80001652,1.0,1.0,,,,20569,999,999.0,999.0,999.0
7694,1,99,9/16/2015,nc,80001656,1.0,1.0,,,,20548,999,999.0,999.0,999.0
7699,1,99,1/13/2016,nc,80001661,1.0,1.0,,,,20548,999,999.0,999.0,999.0
7700,8,99,1/4/2016,nc,80001662,1.0,1.0,,,,20548,999,999.0,999.0,999.0
7703,1,99,3/14/2015,nc,80001665,1.0,1.0,,,,20193,15,4.0,,
7705,1,99,10/1/2015,nc,80001667,1.0,1.0,,,,20548,999,999.0,999.0,999.0
7710,1,99,1/8/2016,nc,80001672,1.0,1.0,,,,20552,999,999.0,999.0,999.0
7711,8,99,10/2/2015,nc,80001673,1.0,1.0,,,,20559,999,999.0,999.0,999.0
7716,1,1,11/17/2015,nc,80001678,1.0,1.0,,,,20318,17,2.0,,1.0
7721,1,99,10/9/2015,nc,80001683,1.0,1.0,,,,20548,16,4.0,,1.0
7724,2,99,1/7/2016,nc,80001686,1.0,1.0,,,,20548,999,999.0,999.0,999.0
7725,9,99,11/16/2015,nc,80001687,1.0,1.0,,,,20571,999,999.0,999.0,999.0
7728,2,99,3/28/2016,nc,80001690,1.0,1.0,,,,20548,999,999.0,999.0,999.0
7735,1,99,3/16/2016,nc,80001697,1.0,1.0,,,,20546,999,999.0,999.0,999.0
7736,8,99,3/3/2016,nc,80001699,1.0,1.0,,,,20564,14,2.0,,
7747,1,99,1/8/2016,nc,80001710,1.0,1.0,,,,20551,999,999.0,999.0,999.0
7750,1,99,2/16/2016,nc,80001716,1.0,1.0,,,,20566,16,4.0,,1.0
7769,1,99,1/6/2015,ms,90000899,,1.0,1.0,,,20569,17,4.0,,1.0
7778,1,99,3/21/2016,ms,90000908,,1.0,1.0,,,20548,999,999.0,999.0,999.0
8122,1,99,8/18/2014,nc,90001292,,1.0,1.0,,,20269,17,2.0,,
8146,1,99,3/24/2015,nc,90001317,,1.0,1.0,,,20563,999,999.0,999.0,999.0
8185,1,1,10/14/2014,nc,90001357,,1.0,1.0,,,20416,17,4.0,,
8288,1,99,10/24/2014,nc,90001463,,1.0,1.0,,,20559,999,999.0,999.0,999.0
8621,8,99,1/12/2016,nv,90002008,1.0,1.0,,,,20472,15,4.0,,1.0
8706,8,1,1/30/2016,ne,100000195,1.0,1.0,,,,20521,17,4.0,1.0,
8715,1,1,1/12/2016,ne,100000204,1.0,1.0,,,,20299,15,4.0,,
8747,8,99,2/21/2016,ne,100000236,1.0,1.0,,,,20542,15,4.0,,1.0
8748,8,99,2/1/2015,ne,100000237,1.0,1.0,,,,20409,12,4.0,1.0,
8756,8,1,2/27/2016,ne,100000245,1.0,1.0,,,,20544,15,,,
9342,1,1,9/14/2015,mi,110001101,,1.0,1.0,,,20341,18,4.0,,1.0
9345,9,99,9/19/2014,mi,110001104,,1.0,1.0,,,20570,999,999.0,999.0,999.0
9346,1,99,4/27/2015,mi,110001105,,,1.0,,1.0,20395,18,4.0,,
9350,9,1,10/16/2014,mi,110001109,,1.0,1.0,,1.0,20013,16,4.0,,
9371,2,1,3/9/2016,mi,110001130,,1.0,,,1.0,20524,18,5.0,,
9384,1,99,12/25/2015,mi,110001143,,1.0,,,1.0,20453,19,4.0,,1.0
9395,9,99,3/11/2015,mi,110001154,1.0,1.0,,,,20169,14,4.0,,
9417,8,99,1/31/2015,mi,110001178,,1.0,,,1.0,20486,17,4.0,,1.0
9421,2,1,3/28/2016,mi,110001183,,1.0,,,1.0,20543,18,4.0,,1.0
9423,8,1,3/22/2016,mi,110001186,,1.0,,,1.0,20536,18,4.0,,1.0
9444,2,1,5/8/2015,mi,110001280,1.0,1.0,1.0,,,20427,17,4.0,,
9445,8,1,1/24/2016,mi,110001281,1.0,1.0,1.0,,,20425,17,4.0,,1.0
9447,8,99,10/16/2015,mi,110001283,,1.0,1.0,,,20565,999,999.0,999.0,999.0
9448,8,1,5/29/2015,mi,110001284,1.0,,1.0,,,20425,17,4.0,,
9457,8,1,2/21/2016,mi,110001293,1.0,1.0,1.0,,,20425,16,4.0,,
9459,8,99,7/12/2015,mi,110001295,1.0,1.0,1.0,,,20429,17,4.0,1.0,
9467,8,99,1/12/2016,mi,110001305,1.0,1.0,,,,20565,999,999.0,999.0,999.0
9883,8,1,12/5/2015,il,110001731,1.0,1.0,,,,20476,15,4.0,,
10039,1,1,2/15/2016,mi,110001887,1.0,1.0,,,1.0,20334,17,2.0,,
10078,8,99,12/30/2015,mi,110001926,1.0,1.0,,,,20563,999,999.0,999.0,999.0
10099,1,1,10/22/2015,mi,110001947,1.0,1.0,,,,20219,16,2.0,,1.0
10137,1,1,12/29/2015,il,110001985,,1.0,1.0,,,20474,18,2.0,,
10143,9,99,12/3/2014,il,110001991,,1.0,1.0,,,20429,18,2.0,,
10189,1,1,4/4/2014,wi,110002248,1.0,,1.0,,,20070,17,,,
10572,8,99,2/22/2016,mi,110002637,,1.0,1.0,,,20563,999,999.0,999.0,999.0
10628,2,1,12/2/2015,mi,110002694,,1.0,1.0,,,20262,17,2.0,,1.0
10639,2,99,10/1/2014,mi,110002705,,1.0,1.0,,,20142,17,4.0,,1.0
10814,8,99,11/5/2015,oh,110002881,,1.0,,,1.0,20431,17,5.0,1.0,
10882,8,99,3/6/2015,il,110002951,1.0,1.0,,,,20563,15,4.0,,
11159,8,1,10/7/2015,mi,120002350,1.0,1.0,,,,20247,16,2.0,999.0,
11160,1,1,11/2/2015,mi,120002351,1.0,1.0,,,,20395,13,4.0,1.0,
11165,8,1,7/8/2015,mi,120002356,,1.0,,,1.0,20277,16,2.0,,
11177,2,1,9/3/2015,mi,120002368,,1.0,,,1.0,20335,16,2.0,,1.0
11186,8,1,9/10/2015,mi,120002377,,1.0,1.0,,,20024,17,4.0,,
11188,1,1,2/20/2015,mi,120002379,1.0,1.0,,,,20139,16,5.0,,1.0
11198,1,1,2/19/2016,mi,120002390,1.0,1.0,,,,20504,15,4.0,,1.0
11201,1,1,3/21/2015,mi,120002393,,1.0,1.0,,,20165,17,2.0,,
11234,1,1,5/2/2015,mn,120003111,,,1.0,,1.0,20403,18,2.0,,1.0
11236,8,99,11/6/2014,mn,120003113,,,1.0,,1.0,20418,20,4.0,,1.0
11238,1,99,4/13/2015,mn,120003115,,,1.0,,1.0,20560,999,999.0,999.0,999.0
11239,1,99,12/15/2015,mn,120003116,,,1.0,,1.0,20560,999,999.0,999.0,999.0
11243,2,1,6/26/2015,mn,120003120,,,1.0,,1.0,20283,20,5.0,,
11245,1,1,1/29/2016,mn,120003122,,,1.0,,1.0,20489,20,4.0,,
11246,9,2,9/8/2015,mn,120003123,,,1.0,,1.0,20340,11,4.0,,1.0
11251,1,99,10/1/2014,mn,120003128,,,1.0,,1.0,20560,999,999.0,999.0,999.0
11254,9,1,12/2/2015,mn,120003131,,,1.0,,1.0,20410,18,4.0,,
11260,1,1,2/1/2015,mn,120003137,,1.0,1.0,,,20412,17,4.0,,1.0
11265,1,1,8/5/2015,mn,120003142,,,1.0,,1.0,20403,19,2.0,,1.0
11270,1,99,7/20/2015,mn,120003147,,,1.0,,1.0,20375,20,4.0,,
11272,1,1,6/18/2015,mn,120003149,,,1.0,,1.0,20227,19,4.0,,
11346,8,99,2/27/2015,mn,120003228,1.0,,,,1.0,20327,16,4.0,,
11388,9,1,10/26/2014,mn,120003277,1.0,,,,1.0,20291,17,4.0,,
11523,2,1,7/22/2015,mi,120003427,1.0,1.0,,,1.0,20293,17,2.0,,
11533,2,99,9/6/2014,mi,120003437,1.0,,,,1.0,20397,17,5.0,,1.0
11575,2,99,3/3/2015,mi,120003479,1.0,1.0,,,,20174,14,2.0,,
11577,2,99,1/11/2015,mi,120003482,1.0,1.0,,,,20416,14,5.0,,
11578,2,99,9/30/2014,mi,120003483,1.0,1.0,,,,20416,16,2.0,,1.0
11581,1,99,11/12/2014,mi,120003486,1.0,1.0,,,,20044,13,4.0,,
11594,1,99,1/6/2015,mi,120003500,1.0,1.0,,,,20416,12,2.0,,1.0
11596,2,1,3/30/2015,mi,120003502,1.0,1.0,,,,20178,13,2.0,,1.0
11599,1,1,11/13/2014,mi,120003505,1.0,1.0,,,,20044,16,4.0,,
11600,1,1,1/29/2015,mi,120003506,1.0,1.0,,,,20118,13,2.0,,
11604,9,99,2/10/2015,mi,120003510,1.0,1.0,,,,20416,16,4.0,,
11608,9,1,3/3/2015,mi,120003514,1.0,1.0,,,,20151,13,4.0,,1.0
11610,2,99,10/22/2014,mi,120003516,1.0,1.0,,,,20416,14,4.0,1.0,1.0
11612,1,1,12/12/2014,mi,120003518,1.0,1.0,,,,20072,13,2.0,,1.0
11619,9,1,11/5/2014,mi,120003525,1.0,1.0,,,,20033,15,4.0,,
11622,9,1,10/7/2015,mi,120003529,1.0,1.0,,,,20373,14,2.0,,
11623,2,99,10/18/2014,mi,120003530,1.0,1.0,,,,20416,16,2.0,,1.0
11625,9,99,9/12/2014,mi,120003532,1.0,1.0,,,,20416,16,4.0,,
11627,9,1,4/13/2015,mi,120003534,1.0,1.0,,,,20165,12,2.0,,1.0
11629,1,99,7/1/2015,mi,120003536,1.0,1.0,,,,20272,12,2.0,,1.0
11634,2,1,10/3/2015,mi,120003541,1.0,1.0,,,,20333,15,4.0,,1.0
11636,2,99,10/16/2014,mi,120003543,1.0,1.0,,,,20416,14,2.0,,
11638,2,99,12/27/2014,mi,120003545,1.0,1.0,,,,20416,11,2.0,,1.0
11639,2,1,1/16/2015,mi,120003546,1.0,1.0,,,,20067,12,5.0,,
11640,9,1,10/28/2014,mi,120003547,1.0,1.0,,,,20026,16,2.0,,
11643,2,99,9/27/2014,mi,120003550,1.0,1.0,,,,20416,16,5.0,1.0,
11644,1,99,10/8/2014,mi,120003551,1.0,1.0,,,,20005,11,2.0,,1.0
11645,2,1,10/28/2014,mi,120003552,1.0,1.0,,,,20026,16,4.0,,
11646,2,1,10/23/2014,mi,120003553,1.0,1.0,,,,20026,16,4.0,,1.0
11647,1,1,3/24/2015,mi,120003554,1.0,1.0,,,,20177,14,5.0,,
11648,2,1,12/9/2014,mi,120003555,1.0,1.0,,,,20067,16,2.0,,
11739,2,1,12/1/2015,mi,120003660,1.0,1.0,,,,20430,16,4.0,,4.0
11805,1,1,6/4/2015,mi,120004200,,,1.0,,1.0,20229,18,2.0,,1.0
11817,8,1,6/22/2015,mi,120004213,,,1.0,,1.0,20248,18,5.0,,
11834,2,1,7/14/2015,mi,120004233,1.0,,,,1.0,20312,17,2.0,,1.0
11836,8,1,6/22/2015,mi,120004236,1.0,,,,1.0,20088,17,4.0,,
11837,2,1,7/17/2015,mi,120004237,1.0,,,,1.0,20312,17,2.0,,
11935,8,1,1/20/2016,mn,120004413,,1.0,1.0,,,20476,16,4.0,,1.0
11975,99,99,3/19/2015,mn,120004555,,1.0,1.0,,,20260,17,2.0,,1.0
11983,1,1,2/27/2016,mn,120004563,,1.0,1.0,,,20201,16,2.0,,1.0
12003,1,1,12/16/2015,oh,120004760,,,1.0,,1.0,20412,20,2.0,,1.0
12004,1,1,7/20/2015,oh,120004761,,,1.0,,1.0,20419,18,2.0,,
12012,1,99,2/18/2014,oh,120004769,,,1.0,,1.0,20473,11,5.0,,1.0
12016,1,1,12/7/2015,oh,120004773,,,1.0,,1.0,20437,19,2.0,,
12019,1,1,12/23/2015,oh,120004776,,,1.0,,1.0,20544,20,2.0,,1.0
12025,1,1,1/14/2016,oh,120004782,,,1.0,,1.0,20468,11,2.0,,
12032,1,1,10/5/2015,oh,120004789,,,1.0,,1.0,20317,19,4.0,,1.0
12043,1,1,10/31/2014,oh,120004800,,,1.0,,1.0,20419,20,2.0,,
12052,1,99,12/2/2015,oh,120004809,,,1.0,,1.0,20460,22,4.0,,
12054,1,1,1/14/2016,oh,120004811,,,1.0,,1.0,20478,21,2.0,,
12055,1,99,9/3/2014,oh,120004812,,,1.0,,1.0,20419,21,4.0,,1.0
12057,1,99,11/4/2014,oh,120004814,,,1.0,,1.0,20518,20,2.0,,1.0
12061,1,1,2/27/2015,oh,120004818,,,1.0,,1.0,20165,20,2.0,,
12062,1,1,7/9/2015,oh,120004819,,,1.0,,1.0,20515,21,2.0,,1.0
12090,1,99,7/29/2015,oh,120004847,,,1.0,,1.0,20348,21,2.0,,
12094,1,1,4/23/2015,oh,120004851,,,1.0,,1.0,20140,21,4.0,,
12101,1,1,9/21/2015,oh,120004858,,,1.0,,1.0,20356,22,2.0,,
12107,1,1,3/25/2015,oh,120004864,,,1.0,,1.0,20086,20,5.0,,1.0
12112,1,1,11/11/2015,oh,120004869,,,1.0,,1.0,20395,20,2.0,,1.0
12116,1,1,3/8/2016,oh,120004873,,,1.0,,1.0,20419,20,5.0,,
12121,1,99,8/28/2015,oh,120004878,,,1.0,,1.0,20419,20,4.0,,1.0
12124,1,1,9/16/2015,mn,120004881,1.0,1.0,,,,20348,17,1.0,,
12125,1,1,8/26/2015,mn,120004882,1.0,1.0,,,,20329,16,4.0,1.0,1.0
12126,8,99,10/8/2015,mn,120004883,1.0,1.0,,,,20563,999,999.0,999.0,999.0
12127,8,1,9/21/2015,mn,120004884,1.0,1.0,,,,20354,11,2.0,,
12128,1,1,9/21/2015,mn,120004885,1.0,1.0,,,,20354,17,2.0,,
12180,1,1,8/5/2015,mn,120004942,,1.0,1.0,,,20474,15,2.0,,
12194,1,99,10/7/2015,mn,120004956,,1.0,1.0,,,20488,15,2.0,,
12273,8,99,2/12/2015,il,120005036,1.0,1.0,,,,20433,17,5.0,1.0,
12274,8,99,11/10/2014,il,120005037,1.0,1.0,,,,20563,15,2.0,,
12326,9,99,6/1/2015,il,120005091,1.0,1.0,,,,20429,14,2.0,,
12330,8,1,2/10/2015,il,120005095,1.0,1.0,,,,20429,17,4.0,,
12339,8,99,2/6/2015,il,120005105,1.0,1.0,,,,20433,15,2.0,,
12343,8,1,7/20/2015,il,120005109,1.0,1.0,,,,20433,12,2.0,,
12360,8,99,11/2/2015,il,120005126,1.0,1.0,,,,20578,16,2.0,,
12408,8,99,3/4/2015,il,120005174,1.0,1.0,,,,20563,17,2.0,,
12450,9,99,9/18/2015,il,120005220,1.0,1.0,,,,20429,16,2.0,,
12489,8,99,5/25/2015,il,120005261,1.0,1.0,,,,20577,13,2.0,,
12492,8,99,11/12/2014,il,120005264,1.0,1.0,,,,20433,17,2.0,,
12810,1,99,8/28/2015,mn,130005038,,1.0,1.0,,,20543,16,2.0,,
12869,8,99,1/26/2016,mn,130005097,,1.0,1.0,,,20570,17,2.0,,
12894,1,99,1/11/2016,mn,130005124,,1.0,1.0,,,20569,17,2.0,,
12946,2,99,11/30/2015,mi,130007950,,1.0,1.0,,,20566,999,999.0,999.0,999.0
13026,2,99,7/9/2014,mi,130008049,,1.0,1.0,,,20340,17,5.0,,1.0
13113,2,1,2/28/2015,mi,130008139,,1.0,1.0,,,20152,17,5.0,,1.0
13132,1,99,5/28/2015,mi,130008159,,1.0,1.0,,,20410,17,4.0,,
13191,1,1,12/18/2015,mi,130008220,,1.0,1.0,,,20452,17,2.0,,1.0
13192,2,1,5/1/2015,mi,130008221,,1.0,1.0,,,20164,17,4.0,,1.0
13224,1,1,3/10/2016,mi,130008256,,1.0,1.0,,,20515,17,2.0,999.0,1.0
13294,9,1,8/17/2015,wi,130008378,,1.0,,,1.0,20324,16,2.0,,
13295,9,99,2/18/2016,wi,130008379,1.0,1.0,,,,20550,13,2.0,,
13296,1,99,2/4/2016,wi,130008380,1.0,1.0,,,1.0,20550,999,999.0,999.0,999.0
13297,9,1,11/30/2015,wi,130008381,1.0,1.0,,,,20425,15,5.0,,
13300,1,1,2/11/2016,wi,130008384,1.0,1.0,,,,20502,17,2.0,,1.0
13301,1,1,10/20/2015,wi,130008385,1.0,1.0,,,,20367,17,2.0,,1.0
13303,1,1,10/22/2015,wi,130008387,1.0,1.0,,,,20177,17,2.0,,2.0
13304,9,1,1/31/2016,wi,130008388,1.0,1.0,,,,20286,13,2.0,,1.0
13306,1,1,9/3/2015,wi,130008390,1.0,1.0,,,1.0,20260,15,2.0,,
13308,9,99,12/30/2015,wi,130008392,,1.0,,,1.0,20558,999,999.0,999.0,999.0
13313,9,1,9/18/2015,wi,130008397,1.0,1.0,,,,20408,12,2.0,,
13317,9,1,2/15/2016,wi,130008401,,1.0,,,1.0,20278,13,5.0,1.0,
13318,9,1,2/8/2016,wi,130008402,,1.0,,,1.0,20491,12,2.0,,1.0
13320,1,1,11/3/2015,wi,130008404,1.0,1.0,,,,20118,12,2.0,,1.0
13323,9,1,9/18/2014,wi,130008407,1.0,1.0,,,,20268,14,1.0,1.0,1.0
13324,9,1,2/3/2016,wi,130008408,1.0,1.0,,,,20284,14,2.0,,1.0
13326,9,1,12/15/2015,wi,130008410,,1.0,,,1.0,20425,16,2.0,,1.0
13329,9,99,11/23/2015,wi,130008413,1.0,1.0,,,,20425,12,5.0,,1.0
13332,1,99,3/10/2016,wi,130008416,1.0,1.0,,,1.0,20559,999,999.0,999.0,999.0
13333,9,1,10/11/2015,wi,130008417,1.0,1.0,,,,20177,15,2.0,,1.0
13335,9,1,11/24/2015,wi,130008419,1.0,1.0,,,,20425,13,5.0,,
13337,1,99,10/8/2015,wi,130008421,1.0,1.0,,,,20397,15,2.0,,
13338,9,99,12/11/2015,wi,130008422,1.0,1.0,,,1.0,20558,999,999.0,999.0,999.0
13339,9,99,3/7/2016,wi,130008423,1.0,1.0,,,,20546,999,999.0,999.0,999.0
13340,9,1,1/9/2016,wi,130008424,1.0,1.0,,,,20473,15,2.0,,
13342,9,1,11/16/2015,wi,130008426,1.0,1.0,,,,20248,15,5.0,,
13348,9,99,1/25/2016,wi,130008432,1.0,1.0,,,,20491,11,2.0,,
13349,1,1,7/24/2015,wi,130008433,1.0,1.0,,,1.0,20408,16,2.0,,
13350,9,99,10/17/2015,wi,130008434,1.0,1.0,,,,20394,15,2.0,,
13351,1,1,2/18/2016,wi,130008435,1.0,1.0,,,,20391,16,2.0,,
13353,1,99,3/15/2016,wi,130008437,1.0,1.0,,,,20551,999,999.0,999.0,999.0
13354,9,1,11/15/2015,wi,130008438,1.0,1.0,,,,20260,14,2.0,,
13357,9,1,3/16/2016,wi,130008441,1.0,1.0,,,,20518,15,4.0,1.0,1.0
13358,9,1,11/13/2015,wi,130008442,1.0,1.0,,,1.0,20207,16,2.0,,
13360,9,99,11/5/2015,wi,130008444,1.0,1.0,,,,20425,17,2.0,,1.0
13361,1,1,1/29/2016,wi,130008445,1.0,1.0,,,,20491,16,2.0,,1.0
13362,9,1,12/15/2014,wi,130008446,1.0,1.0,,,1.0,20278,14,5.0,,
13363,9,1,1/25/2016,wi,130008447,1.0,1.0,,,,20491,14,5.0,,1.0
13366,9,1,1/24/2016,wi,130008450,1.0,1.0,,,,20473,13,5.0,,
13367,9,1,3/14/2016,wi,130008451,1.0,1.0,,,,20518,12,2.0,,
13368,9,1,1/6/2016,wi,130008452,1.0,1.0,,,,20362,17,2.0,,
13371,9,1,12/23/2015,wi,130008455,1.0,1.0,,,,20446,17,2.0,,1.0
13372,9,1,11/16/2015,wi,130008456,1.0,1.0,,,,20425,11,2.0,,1.0
13373,1,1,1/20/2016,wi,130008457,1.0,1.0,,,,20408,17,2.0,,
13376,9,99,3/18/2016,wi,130008460,,1.0,,,1.0,20550,17,2.0,,
13378,9,99,4/27/2015,wi,130008462,,1.0,,,1.0,20547,999,999.0,999.0,999.0
13389,1,1,1/20/2016,wi,130008473,1.0,1.0,,,,20299,17,2.0,,
13391,9,1,12/5/2015,wi,130008475,1.0,1.0,,,,20425,16,2.0,,1.0
13392,9,1,10/16/2015,wi,130008476,1.0,1.0,,,,20397,15,4.0,1.0,
13395,9,1,5/13/2015,wi,130008481,1.0,,,,1.0,20172,15,2.0,,1.0
13400,9,1,9/10/2015,wi,130008490,1.0,,,,1.0,20488,17,4.0,1.0,
13404,9,1,7/30/2015,wi,130008495,1.0,,,,1.0,20377,14,2.0,1.0,
13411,9,99,11/18/2015,wi,130008504,1.0,,,,1.0,20504,17,2.0,,2.0
13417,9,1,9/3/2015,wi,130008512,1.0,,,,1.0,20334,15,5.0,,
13422,9,1,12/14/2013,wi,130008522,1.0,,,,1.0,20284,16,999.0,1.0,
13425,1,1,10/29/2015,wi,130008526,1.0,,,,1.0,20297,15,2.0,,1.0
13427,1,1,10/14/2015,wi,130008528,1.0,,,,1.0,20134,19,2.0,,
13429,9,1,6/17/2015,wi,130008530,1.0,,,,1.0,20488,17,2.0,,
13430,9,1,6/17/2015,wi,130008531,1.0,,,,1.0,20395,16,5.0,,
13433,9,1,7/7/2015,wi,130008536,1.0,,,,1.0,20381,14,4.0,1.0,
13436,9,1,1/15/2015,wi,130008542,1.0,,,,1.0,20299,15,2.0,,3.0
13442,1,1,1/14/2015,wi,130008555,1.0,,,,1.0,20490,17,2.0,1.0,
13443,9,1,4/23/2015,wi,130008556,1.0,,,,1.0,20279,16,999.0,1.0,
13447,9,1,9/28/2015,wi,130008563,1.0,,,,1.0,20288,17,2.0,,1.0
13448,9,1,7/9/2015,wi,130008564,1.0,,,,1.0,20181,17,5.0,1.0,
13449,1,1,6/2/2015,wi,130008565,1.0,,,,1.0,20394,17,2.0,,1.0
13453,9,1,5/15/2015,wi,130008573,1.0,,,,1.0,20241,15,2.0,,1.0
13456,9,1,9/2/2015,wi,130008577,1.0,,,,1.0,20275,17,2.0,,
13499,1,1,3/31/2015,wi,130008625,,,1.0,,1.0,20370,20,2.0,,
13716,1,1,10/2/2014,wi,130008848,,,1.0,,1.0,20215,20,2.0,,1.0
14113,1,1,12/15/2015,wi,130009278,,,1.0,,1.0,20453,18,2.0,,
14217,2,99,11/14/2014,mi,130010250,1.0,1.0,,,,20424,12,4.0,,
14243,2,99,10/30/2014,mi,130010281,,1.0,1.0,,,20429,17,2.0,,
14253,1,1,11/10/2015,mi,130010291,,1.0,1.0,,,20405,17,5.0,1.0,1.0
14264,99,1,11/10/2015,mi,130010302,,1.0,1.0,,,20405,16,5.0,1.0,1.0
14358,8,99,3/16/2016,wi,130010397,1.0,,,,1.0,20563,999,999.0,999.0,999.0
14361,1,99,1/29/2016,wi,130010400,1.0,,,,1.0,20564,999,999.0,999.0,999.0
14369,1,99,1/8/2016,wi,130010408,1.0,,,,1.0,20563,999,999.0,999.0,999.0
14372,1,1,1/20/2016,wi,130010411,1.0,,,,1.0,20416,16,4.0,,
14374,8,1,9/15/2015,wi,130010413,1.0,,,,1.0,20413,15,4.0,,1.0
14375,1,1,10/12/2015,wi,130010414,1.0,,,,1.0,20423,16,5.0,,1.0
14376,1,99,9/14/2015,wi,130010415,1.0,,,,1.0,20562,999,999.0,999.0,999.0
14378,1,1,10/12/2015,wi,130010417,1.0,,,,1.0,20397,15,4.0,,
14398,1,99,1/5/2016,oh,130010915,,1.0,1.0,,,20548,16,4.0,,
14404,1,1,6/24/2015,oh,130011058,,1.0,1.0,,,20286,17,2.0,,
14709,1,1,7/14/2015,mn,130011955,,1.0,1.0,,,20413,17,2.0,,1.0
14967,8,99,11/14/2015,mn,130012217,,1.0,,,1.0,20564,15,2.0,,1.0
15282,8,1,2/8/2016,il,140000009,,1.0,1.0,,,20494,17,4.0,,1.0
15309,1,99,10/10/2014,il,140000036,,1.0,1.0,,,20101,17,2.0,,
15312,1,99,9/27/2015,il,140000039,,1.0,1.0,,,20362,17,2.0,,
15384,8,99,10/8/2014,mi,140000229,1.0,1.0,,,,20257,15,4.0,,
15387,8,99,7/8/2015,mi,140000232,1.0,1.0,,,,20425,15,4.0,1.0,
15392,8,1,10/28/2015,mi,140000237,1.0,1.0,,,,20247,14,,,
15393,8,99,9/22/2015,mi,140000238,1.0,1.0,,,,20566,999,999.0,999.0,999.0
15398,1,1,6/8/2015,mi,140000244,1.0,1.0,,,,20256,16,4.0,,
15405,8,99,4/28/2015,mi,140000251,1.0,1.0,,,,20566,999,999.0,999.0,999.0
15419,1,1,2/2/2016,mi,140000266,1.0,1.0,,,,20488,17,4.0,,
15422,9,99,4/24/2015,mi,140000269,1.0,1.0,,,,20564,999,999.0,999.0,999.0
15438,8,99,11/10/2014,mi,140000285,1.0,1.0,,,,20257,16,4.0,,
15483,1,1,5/8/2015,il,140000334,1.0,1.0,,,,20425,15,2.0,1.0,1.0
15484,8,99,3/26/2016,il,140000336,1.0,1.0,,,,20563,999,999.0,999.0,999.0
15485,8,99,2/22/2015,il,140000337,1.0,1.0,,,,20563,999,999.0,999.0,999.0
15692,1,1,11/13/2014,wi,140000876,1.0,,,,1.0,20125,15,2.0,,
15712,8,1,11/17/2015,wi,140000896,1.0,,,,1.0,20296,18,4.0,,
15717,9,99,10/22/2015,wi,140000901,1.0,,,,1.0,20461,12,2.0,,
15724,8,99,4/30/2015,wi,140000908,1.0,,,,1.0,20296,17,4.0,1.0,1.0
15725,9,99,3/9/2016,wi,140000909,1.0,,,,1.0,20556,999,999.0,999.0,999.0
15729,9,1,1/6/2016,wi,140000913,1.0,,,,1.0,20461,13,4.0,1.0,
15759,9,99,2/3/2015,wi,140000943,1.0,,,,1.0,20557,999,999.0,999.0,999.0
15802,1,99,12/11/2014,wi,140000986,1.0,,,,1.0,20424,16,4.0,,1.0
15832,9,1,10/21/2015,wi,140001016,1.0,,,,1.0,20475,14,4.0,,
15879,9,1,3/9/2016,wi,140001064,1.0,,,,1.0,20402,12,4.0,,
15914,8,99,4/30/2015,wi,140001099,1.0,,,,1.0,20296,17,4.0,1.0,1.0
15928,9,99,10/22/2015,wi,140001113,1.0,,,,1.0,20467,11,5.0,,
15944,9,1,10/22/2015,wi,140001129,1.0,,,,1.0,20388,12,5.0,,
15958,9,1,10/21/2015,wi,140001143,1.0,,,,1.0,20475,12,4.0,1.0,
15975,9,1,10/21/2015,wi,140001160,1.0,,,,1.0,20475,13,4.0,,
15984,8,99,11/13/2014,wi,140001169,1.0,,,,1.0,20296,16,4.0,,1.0
16011,9,1,3/15/2016,wi,140001196,1.0,,,,1.0,20489,15,4.0,,
16023,9,1,10/7/2015,wi,140001208,1.0,,,,1.0,20388,12,5.0,,
16055,8,1,11/17/2015,wi,140001240,1.0,,,,1.0,20296,16,1.0,,1.0
16077,8,1,2/23/2016,wi,140001262,1.0,,,,1.0,20296,15,4.0,,1.0
16085,1,99,2/3/2016,wi,140001270,1.0,,,,1.0,20570,999,999.0,999.0,999.0
16099,9,1,3/15/2016,wi,140001284,1.0,,,,1.0,20489,16,4.0,,
16107,9,99,10/22/2015,wi,140001292,1.0,,,,1.0,20467,11,4.0,,
16109,9,99,3/15/2016,wi,140001294,1.0,,,,1.0,20557,999,999.0,999.0,999.0
16170,1,1,7/20/2015,mn,140001357,,,1.0,,1.0,20481,18,,,1.0
17000,1,1,4/2/2015,wi,150003578,1.0,,1.0,,,20305,17,2.0,,
17054,1,99,1/26/2016,oh,150003632,1.0,1.0,,,,20567,999,999.0,999.0,999.0
17194,1,1,8/10/2015,mi,160003393,,1.0,,1.0,,20262,18,2.0,,
17208,1,1,12/3/2014,wi,160003621,1.0,,1.0,,,20409,18,5.0,,
17227,1,1,11/20/2015,mi,160003641,,1.0,1.0,,,20415,16,5.0,,
17228,8,99,2/2/2015,mi,160003642,,1.0,1.0,,,20380,17,,1.0,1.0
17231,1,1,2/29/2016,mi,160003646,,1.0,1.0,,,20474,17,4.0,,
17243,9,1,9/22/2015,mi,160003659,,1.0,1.0,,,20332,17,4.0,,
17269,1,1,1/20/2016,mi,160006259,1.0,1.0,,,,20477,12,4.0,,
17270,1,1,2/17/2016,mi,160006260,1.0,1.0,,,,20475,11,4.0,,1.0
17436,1,99,10/5/2015,wi,160006607,1.0,,,,1.0,20555,999,999.0,999.0,999.0
17446,99,1,2/17/2016,wi,160006617,1.0,,,,1.0,20323,12,4.0,,1.0
17481,1,1,3/1/2015,wi,160006654,1.0,,,,1.0,20391,15,4.0,,1.0
17489,1,1,4/6/2015,wi,160006662,1.0,,,,1.0,20412,15,4.0,,
17493,8,1,10/6/2015,wi,160006666,1.0,,,,1.0,20410,16,5.0,1.0,
17512,8,1,12/18/2015,wi,160006685,1.0,,,,1.0,20412,16,4.0,,
17520,1,1,8/10/2015,wi,160006693,1.0,,,,1.0,20328,14,2.0,,
17522,8,1,10/5/2015,wi,160006695,1.0,,,,1.0,20410,17,2.0,,
17533,8,99,9/28/2015,wi,160006706,1.0,1.0,,,1.0,20451,15,4.0,,
17554,8,99,9/28/2015,wi,160006727,1.0,,,,1.0,20409,17,4.0,,
17581,8,99,9/26/2015,wi,160006754,,1.0,,,1.0,20523,14,4.0,,1.0
17583,8,1,11/2/2015,wi,160006756,,1.0,,,1.0,20229,14,4.0,,
17593,9,99,10/20/2014,wi,160006766,,1.0,,,1.0,20451,16,2.0,,
17594,1,1,11/18/2015,wi,160006767,1.0,1.0,,,1.0,20434,15,4.0,,
17595,8,1,12/16/2015,wi,160006768,1.0,1.0,,,1.0,20451,16,4.0,,
17597,9,1,11/6/2015,wi,160006770,,1.0,,,1.0,20451,17,4.0,,
17600,1,1,2/8/2016,wi,160006774,1.0,1.0,,,1.0,20208,13,4.0,,
17601,8,1,1/11/2016,wi,160006775,1.0,1.0,,,1.0,20451,12,4.0,1.0,
17607,9,99,2/27/2016,wi,160007116,1.0,,,,1.0,20559,999,999.0,999.0,999.0
17610,8,99,11/24/2015,wi,160007119,1.0,1.0,,,1.0,20424,16,2.0,,
17639,8,1,11/2/2015,wi,160007153,1.0,,,,1.0,20413,17,4.0,,
17645,8,1,12/7/2015,wi,160007162,1.0,,,,1.0,20399,14,2.0,,
17649,8,1,12/6/2015,wi,160007166,1.0,,,,1.0,20451,17,4.0,,
17651,8,99,2/27/2016,wi,160007171,1.0,,,,1.0,20558,999,999.0,999.0,999.0
17654,1,99,2/27/2016,wi,160007175,1.0,,,,1.0,20559,999,999.0,999.0,999.0
17657,1,1,11/4/2015,wi,160007179,1.0,1.0,,,1.0,20402,17,4.0,,
17662,8,99,2/27/2016,wi,160007188,1.0,,,,1.0,20559,999,999.0,999.0,999.0
17666,8,1,2/8/2016,wi,160007193,1.0,1.0,,,1.0,20523,17,4.0,1.0,
17680,8,1,12/7/2015,wi,160007212,1.0,,,,1.0,20434,16,2.0,1.0,
17688,1,1,3/2/2016,wi,160007223,1.0,1.0,,,1.0,20334,16,4.0,,
17706,1,1,1/7/2016,wi,160007244,1.0,1.0,,,1.0,20424,13,4.0,,
17711,8,1,1/7/2016,wi,160007250,1.0,1.0,,,1.0,20424,16,5.0,999.0,1.0
17729,8,99,2/27/2016,wi,160007278,1.0,,,,1.0,20558,999,999.0,999.0,999.0
17736,1,1,2/27/2016,wi,160007291,1.0,,,,1.0,20481,17,4.0,,
17745,8,99,2/27/2016,wi,160007302,1.0,,,,1.0,20559,999,999.0,999.0,999.0
17751,8,99,12/7/2015,wi,160007310,1.0,,,,1.0,20446,16,4.0,999.0,
17757,8,1,2/7/2016,wi,160007317,1.0,1.0,,,1.0,20413,17,4.0,,
18007,9,99,11/7/2015,wi,160007920,1.0,1.0,,,,20417,14,999.0,,
18012,9,99,3/3/2016,wi,160007925,1.0,1.0,,,,20559,999,999.0,999.0,999.0
18013,9,1,1/19/2016,wi,160007926,1.0,1.0,,,,20501,16,999.0,999.0,
18025,8,1,11/17/2015,wi,160007938,1.0,1.0,,,,20457,15,999.0,,
18054,9,1,10/22/2015,wi,160007967,1.0,1.0,,,,20398,14,999.0,999.0,1.0
18058,1,1,2/12/2016,wi,160007971,1.0,1.0,,,,20461,15,999.0,1.0,
18066,9,99,3/18/2016,wi,160007979,1.0,1.0,,,,20559,999,999.0,999.0,999.0
18070,1,1,5/8/2015,wi,160007983,1.0,1.0,,,,20333,15,999.0,,1.0
18079,1,99,1/4/2016,wi,160007992,1.0,1.0,,,,20498,17,999.0,,1.0
18087,1,1,1/7/2016,wi,160008000,1.0,1.0,,,,20375,16,999.0,,
18118,1,1,11/16/2015,wi,160008031,1.0,1.0,,,,20111,13,999.0,,
18119,1,99,10/30/2015,wi,160008032,1.0,1.0,,,,20495,14,999.0,,
18130,1,1,2/18/2016,wi,160008043,1.0,1.0,,,,20536,17,999.0,,
18139,8,99,11/4/2015,wi,160008052,1.0,1.0,,,,20451,13,999.0,,
18154,9,1,10/22/2015,wi,160008067,1.0,1.0,,,,20429,15,999.0,,1.0
18167,9,99,10/4/2015,wi,160008080,1.0,1.0,,,,20382,17,999.0,,1.0
18173,9,1,11/22/2015,wi,160008086,1.0,1.0,,,,20458,17,999.0,1.0,
18175,8,99,3/8/2016,wi,160008088,1.0,1.0,,,,20556,999,999.0,999.0,999.0
18177,1,1,1/25/2016,wi,160008090,1.0,1.0,,,,20501,17,999.0,,1.0
18181,1,99,3/1/2016,wi,160008095,1.0,1.0,,,,20549,999,999.0,999.0,999.0
18198,9,1,12/23/2015,wi,160008112,1.0,1.0,,,,20491,17,999.0,999.0,1.0
18216,9,1,10/14/2015,wi,160008131,1.0,1.0,,,,20397,15,999.0,,1.0
18251,1,1,10/22/2014,wi,160008166,1.0,1.0,,,,20158,16,999.0,,
18290,1,1,12/7/2015,wi,160008205,1.0,1.0,,,,20472,17,999.0,,
18293,1,1,10/13/2015,wi,160008208,1.0,1.0,,,,20397,15,999.0,,1.0
18302,99,1,10/2/2015,wi,160008217,1.0,1.0,,,,20336,16,999.0,,
18307,9,1,12/7/2015,wi,160008222,1.0,1.0,,,,20484,14,999.0,,
18308,1,1,10/22/2015,wi,160008223,1.0,1.0,,,,20404,17,999.0,,
18323,1,99,1/22/2016,wi,160008238,1.0,1.0,,,,20500,16,999.0,,
18416,9,99,8/28/2015,mi,160008427,,1.0,,1.0,,20412,11,2.0,,
18738,1,99,11/13/2014,nm,170000604,,1.0,1.0,,,20057,17,4.0,1.0,1.0
18890,1,99,5/26/2015,la,170001343,,,1.0,,1.0,20445,20,2.0,,1.0
19980,1,1,10/25/2013,la,180002316,,,1.0,,1.0,20243,18,2.0,,1.0
20007,8,1,1/14/2016,ok,190007308,,1.0,1.0,,,20472,16,4.0,,
20034,1,99,11/4/2014,ok,190007335,,,1.0,,1.0,20303,17,4.0,,
20048,9,1,1/14/2016,ok,190007349,,,1.0,,1.0,20426,16,4.0,,1.0
20057,9,1,9/9/2015,ok,190007358,,,1.0,,1.0,20426,16,4.0,,1.0
20059,9,1,1/14/2016,ok,190007360,,,1.0,,1.0,20426,18,999.0,999.0,1.0
20061,9,1,1/14/2016,ok,190007362,,,1.0,,1.0,20426,19,4.0,,1.0
20423,8,1,10/27/2015,ok,190007730,,1.0,,,1.0,20434,17,5.0,,
20453,1,1,12/3/2015,ok,190007761,,1.0,,,1.0,20458,17,4.0,,1.0
20495,8,1,11/18/2015,ok,190007804,,1.0,,,1.0,20240,17,4.0,,1.0
20517,1,1,4/4/2012,ok,190007826,,1.0,,,1.0,20522,13,5.0,,
20552,1,1,7/22/2015,ok,190007863,,1.0,,,1.0,20487,15,5.0,,
20553,1,1,2/2/2015,ok,190007864,,1.0,,,1.0,20423,16,5.0,,
20559,1,1,5/12/2015,ok,190007870,,1.0,,,1.0,20423,16,2.0,,
20576,1,1,10/14/2015,ok,190007887,,1.0,,,1.0,20368,17,,1.0,
20619,1,1,10/2/2015,ok,190007931,,1.0,,,1.0,20460,17,2.0,1.0,1.0
20629,1,1,12/22/2015,ok,190007941,,1.0,,,1.0,20425,17,2.0,,1.0
20674,1,1,12/17/2015,ok,190007987,,1.0,,,1.0,20431,17,4.0,,
20756,1,1,3/28/2016,ok,190008071,,1.0,,,1.0,20543,17,4.0,,1.0
20763,1,99,12/17/2015,ok,190008078,,1.0,,,1.0,20460,16,2.0,,
20770,1,1,6/9/2015,ok,190008086,,1.0,,,1.0,20424,16,2.0,,
20821,1,99,1/11/2015,ok,190008138,,1.0,,,1.0,20417,17,5.0,,1.0
20899,1,1,2/19/2016,ok,190008217,,1.0,,,1.0,20475,17,4.0,,
20937,8,1,8/20/2015,ok,190008255,,1.0,,,1.0,20417,17,5.0,,1.0
21384,1,1,2/11/2015,nm,200001394,,1.0,1.0,,,20110,17,4.0,,1.0
21401,1,99,9/8/2014,nm,200001411,,1.0,1.0,,,20016,17,4.0,1.0,
21449,8,1,8/26/2015,tx,200001468,,1.0,1.0,,,20333,17,4.0,1.0,1.0
21628,2,1,9/9/2015,tx,200001738,,,1.0,,1.0,20290,21,5.0,,1.0
21630,1,99,3/28/2014,tx,200001740,,,1.0,,1.0,20480,20,4.0,,
21634,8,1,1/11/2016,tx,200001744,,,1.0,1.0,,20437,19,4.0,1.0,
21636,1,1,10/1/2015,tx,200001746,,,1.0,,1.0,20327,20,4.0,,1.0
21637,8,1,7/1/2015,tx,200001747,,,1.0,,1.0,20097,21,4.0,1.0,
21667,1,1,10/9/2014,tx,200001777,,,,1.0,1.0,20418,21,2.0,,
21836,8,99,4/15/2015,ia,210002061,,1.0,1.0,,,20558,17,4.0,,1.0
21837,1,99,4/11/2015,mo,210003216,,,1.0,,1.0,20417,19,5.0,,
21839,8,99,5/29/2014,mo,210003219,,,1.0,,1.0,20423,19,5.0,,3.0
21840,1,1,10/29/2014,mo,210003220,,,1.0,,1.0,20423,18,2.0,,1.0
21841,1,1,1/3/2015,mo,210003221,,,1.0,,1.0,20538,17,4.0,,
21845,8,99,2/17/2015,mo,210003228,,,1.0,,1.0,20565,999,999.0,999.0,999.0
21848,9,99,10/8/2014,mo,210003237,,,1.0,,1.0,20424,19,4.0,,
21849,1,99,10/14/2014,mo,210003240,,,1.0,,1.0,20425,19,2.0,,1.0
21852,1,1,10/21/2015,mo,210003243,,,1.0,,1.0,20415,18,2.0,,1.0
21855,1,99,2/9/2015,mo,210003249,,,1.0,,1.0,20565,999,999.0,999.0,999.0
21856,1,99,7/17/2014,mo,210003250,,,1.0,,1.0,20425,18,2.0,,1.0
21857,1,99,1/7/2015,mo,210003252,,,1.0,,1.0,20425,17,2.0,,
21858,1,99,5/30/2015,mo,210003253,,,1.0,,1.0,20535,18,5.0,,1.0
21861,1,99,1/27/2015,mo,210003257,,,1.0,,1.0,20425,18,4.0,,
21862,1,99,9/8/2014,mo,210003259,,,1.0,,1.0,20415,18,2.0,,
21868,1,99,4/18/2015,mo,210003269,,,1.0,,1.0,20506,18,2.0,,
21870,1,99,8/5/2015,mo,210003272,,,1.0,,1.0,20416,19,4.0,,1.0
21871,8,1,8/11/2015,mo,210003273,,,1.0,,1.0,20415,19,2.0,,1.0
21872,1,99,9/4/2015,mo,210003274,,,1.0,,1.0,20537,16,4.0,,
21873,1,99,9/25/2015,mo,210003275,,,1.0,,1.0,20565,999,999.0,999.0,999.0
21874,1,99,9/17/2015,mo,210003276,,,1.0,,1.0,20570,999,999.0,999.0,999.0
21875,8,1,10/26/2015,mo,210003277,,,1.0,,1.0,20415,17,2.0,,
21877,1,99,5/20/2015,mo,210003279,,,1.0,,1.0,20415,18,2.0,,1.0
21884,1,99,10/21/2015,mo,210003286,,,1.0,,1.0,20566,999,999.0,999.0,999.0
21889,1,1,12/20/2015,mo,210003291,,,1.0,,1.0,20534,18,,,1.0
21890,1,1,3/22/2016,mo,210003292,,,1.0,,1.0,20537,18,2.0,,1.0
21892,1,99,12/10/2015,mo,210003294,,,1.0,,1.0,20534,19,4.0,,1.0
21895,1,1,1/18/2016,mo,210003297,,,1.0,,1.0,20537,19,2.0,,1.0
21896,1,1,2/13/2016,mo,210003298,,,1.0,,1.0,20541,19,4.0,,3.0
22026,1,1,4/17/2014,ia,210004178,,1.0,1.0,,1.0,20248,20,5.0,1.0,
22027,1,1,5/11/2015,ia,210004179,,1.0,1.0,,,20219,17,2.0,,
22037,8,1,5/11/2015,ia,210004189,,1.0,1.0,,,20237,11,2.0,,1.0
22043,1,1,1/7/2015,ia,210004195,,1.0,1.0,,,20096,11,5.0,,
22063,1,1,5/13/2015,ia,210004215,,,1.0,,1.0,20131,21,2.0,,
22064,1,1,1/21/2015,ia,210004216,,1.0,1.0,,,20068,23,2.0,,
22068,1,99,4/14/2015,ia,210004220,,,1.0,,1.0,20227,19,2.0,,
22079,8,1,2/24/2015,ia,210004231,,1.0,1.0,,,20068,11,2.0,,
22156,1,99,4/9/2015,ia,210004406,,1.0,,,1.0,20565,999,999.0,999.0,999.0
22161,8,1,3/13/2015,ia,210004415,,1.0,1.0,,,20207,17,2.0,,
22163,1,1,2/3/2015,ia,210004422,,1.0,,,1.0,20123,17,4.0,,1.0
22165,1,1,12/23/2015,ia,210004425,,1.0,1.0,,1.0,20446,21,2.0,,1.0
22170,1,99,6/11/2015,ia,210004433,,1.0,1.0,,,20558,21,4.0,1.0,1.0
22171,8,1,2/18/2016,ia,210004434,,1.0,1.0,,1.0,20405,18,4.0,,1.0
22172,1,1,3/19/2015,ia,210004439,,1.0,,,1.0,20138,19,2.0,,1.0
22173,1,99,9/10/2015,ia,210004440,,1.0,1.0,,1.0,20558,999,999.0,999.0,999.0
22175,1,1,12/16/2015,ia,210004442,,1.0,1.0,,1.0,20429,20,4.0,,1.0
22176,1,99,12/3/2014,ia,210004443,,1.0,1.0,,1.0,20558,19,4.0,1.0,
22177,1,1,10/15/2015,ia,210004445,,1.0,1.0,,,20373,19,4.0,,
22178,8,1,12/17/2014,ia,210004446,,1.0,1.0,,,20069,18,4.0,,1.0
22179,1,1,2/17/2016,ia,210004450,,1.0,1.0,,1.0,20495,20,4.0,1.0,1.0
22181,1,1,10/24/2015,ia,210004454,,1.0,1.0,,,20387,18,4.0,,
22185,1,99,9/13/2014,ia,210004464,,1.0,,,1.0,20558,999,999.0,999.0,999.0
22188,1,1,1/6/2015,ia,210004471,,1.0,,,1.0,20111,17,4.0,,
22189,1,1,7/2/2015,ia,210004472,,1.0,1.0,,,20271,20,4.0,,
22192,1,1,3/2/2016,ia,210004478,,1.0,1.0,,,20516,20,4.0,1.0,1.0
22194,1,99,5/20/2015,ia,210004480,,1.0,1.0,,,20370,20,4.0,1.0,1.0
22197,9,99,1/21/2015,ia,210004490,,1.0,1.0,,1.0,20558,999,999.0,999.0,999.0
22198,1,99,1/27/2016,ia,210004491,,1.0,1.0,,1.0,20497,18,4.0,,1.0
22199,1,1,9/28/2015,ia,210004492,,1.0,,,1.0,20354,18,4.0,1.0,
22200,9,99,8/28/2015,ia,210004493,,1.0,1.0,,1.0,20410,19,4.0,,1.0
22201,1,1,12/31/2014,ia,210004496,,1.0,1.0,,,20067,18,2.0,,
22202,1,1,12/29/2015,ia,210004497,,1.0,1.0,,1.0,20432,19,4.0,,1.0
22205,1,1,7/29/2015,ia,210004503,,1.0,,,1.0,20260,18,4.0,,
22207,2,1,3/14/2016,ia,210004509,,1.0,1.0,,,20528,20,4.0,,
22211,1,1,1/27/2016,ia,210004521,,1.0,1.0,,1.0,20527,20,2.0,,1.0
22212,1,1,10/8/2015,ia,210004524,,1.0,1.0,,,20408,18,,,
22214,1,1,3/26/2015,ia,210004526,,1.0,,,1.0,20175,18,4.0,,1.0
22217,1,1,2/3/2015,ia,210004531,,1.0,1.0,,1.0,20113,18,5.0,,
22218,1,1,6/24/2015,ia,210004532,,1.0,1.0,,,20263,21,2.0,,
22219,1,1,7/9/2015,ia,210004533,,1.0,1.0,,1.0,20273,21,4.0,1.0,1.0
22220,1,99,3/4/2015,ia,210004535,,1.0,1.0,,1.0,20558,999,999.0,999.0,999.0
22221,1,99,8/14/2015,ia,210004537,,1.0,,,1.0,20399,18,4.0,,3.0
22222,1,99,12/10/2014,ia,210004539,,1.0,1.0,,,20558,999,999.0,999.0,999.0
22223,8,99,1/31/2015,ia,210004541,,1.0,1.0,,1.0,20558,999,999.0,999.0,999.0
22224,1,99,10/1/2014,ia,210004542,,1.0,1.0,,1.0,20558,999,999.0,999.0,999.0
22225,1,99,4/23/2014,ia,210004543,,1.0,,,1.0,20558,999,999.0,999.0,999.0
22227,1,1,5/8/2015,ia,210004547,,1.0,1.0,,,20202,20,2.0,,1.0
22228,1,1,1/16/2015,ia,210004548,,1.0,1.0,,1.0,20071,18,2.0,,
22345,1,1,3/24/2016,ia,210005063,,,1.0,,1.0,20299,18,4.0,,1.0
22357,1,99,5/1/2014,ia,210005081,,,1.0,,1.0,20558,999,999.0,999.0,999.0
22360,2,1,1/6/2016,ia,210005086,,,1.0,,1.0,20422,18,4.0,,1.0
22403,1,99,8/5/2015,ia,210005136,,,1.0,,1.0,20367,19,2.0,,1.0
22428,1,1,6/29/2015,ia,210005166,,,1.0,,1.0,20257,18,4.0,,
22721,8,1,10/21/2014,co,220004329,,1.0,,,1.0,20361,16,4.0,,1.0
22722,1,1,5/13/2015,co,220004330,,1.0,,,1.0,20137,15,4.0,,1.0
22724,1,99,11/18/2014,co,220004332,,1.0,,,1.0,20547,999,999.0,999.0,999.0
22726,1,1,3/20/2015,co,220004334,,1.0,,,1.0,20146,17,1.0,,3.0
22728,8,1,2/13/2015,co,220004336,,1.0,,,1.0,20358,17,2.0,,
22729,1,1,11/9/2015,co,220004337,,1.0,,,1.0,20407,17,2.0,,1.0
22730,1,1,3/2/2015,co,220004338,,1.0,,,1.0,20151,17,4.0,,
22732,1,1,6/9/2015,co,220004340,,1.0,,,1.0,20383,17,4.0,,1.0
22737,1,1,7/31/2015,co,220004345,,1.0,,,1.0,20257,17,5.0,,
22740,1,1,8/11/2015,co,220004348,,1.0,,,1.0,20314,17,4.0,,1.0
22745,1,1,11/10/2015,co,220004353,,1.0,,,1.0,20403,16,4.0,,
23406,1,99,10/12/2015,nd,220006723,,1.0,1.0,,,20524,17,2.0,,
24725,8,99,1/9/2016,ca,230005396,1.0,1.0,,,,20565,999,999.0,999.0,999.0
27376,1,1,3/5/2015,ca,230011006,,,1.0,,1.0,20382,21,5.0,1.0,
27505,1,1,12/10/2014,nv,230011206,,1.0,1.0,,,20088,18,2.0,,1.0
27542,1,1,1/7/2015,ca,240001136,,1.0,,,1.0,20133,15,4.0,1.0,
27555,8,99,12/5/2014,ca,240001149,,1.0,,,1.0,20104,16,2.0,,
27570,1,99,7/27/2015,ca,240001164,,1.0,1.0,,1.0,20564,999,999.0,999.0,999.0
27583,8,1,10/18/2014,ca,240001177,,1.0,,,1.0,20074,14,4.0,1.0,
27584,8,1,10/4/2015,ca,240001178,,1.0,,,1.0,20003,16,5.0,,1.0
27585,1,99,11/11/2015,ca,240001179,,1.0,,,1.0,20564,999,999.0,999.0,999.0
27599,1,1,1/26/2016,ca,240001193,,1.0,1.0,,,20423,17,4.0,1.0,
27605,1,1,10/23/2015,ca,240001199,,1.0,,,1.0,20305,17,2.0,,
27613,1,99,11/26/2014,ca,240001208,,1.0,,,1.0,20075,14,4.0,1.0,1.0
27614,8,1,12/18/2015,ca,240001209,,1.0,,,1.0,20446,15,4.0,1.0,
27618,8,1,9/26/2015,ca,240001213,,1.0,,,1.0,20014,17,2.0,,
27621,1,99,1/15/2015,ca,240001216,,1.0,,,1.0,20350,15,5.0,,1.0
27634,1,99,11/22/2015,ca,240001229,,1.0,,,1.0,20423,16,5.0,,
27715,8,1,10/23/2015,ca,240001324,,1.0,1.0,,,20396,18,2.0,,
28131,1,99,2/12/2015,ca,250001609,,1.0,1.0,,,20373,17,4.0,,
28132,1,1,2/28/2015,ca,250001610,,1.0,1.0,,,20150,17,2.0,1.0,
28149,1,1,3/29/2016,ca,250001627,,1.0,1.0,,,20543,16,4.0,1.0,1.0
28154,1,99,10/13/2014,ca,250001632,,1.0,1.0,,,20202,17,2.0,,1.0
28169,1,1,10/13/2015,ca,250001647,,1.0,1.0,,,20542,17,4.0,1.0,
28210,1,1,10/26/2015,ca,250001689,,1.0,,,1.0,20538,17,5.0,,
28250,9,99,2/12/2016,ca,250001730,,1.0,,,1.0,20548,17,4.0,1.0,1.0
28253,9,99,1/13/2016,ca,250001733,,1.0,,,1.0,20547,17,4.0,,
28265,9,1,2/10/2016,ca,250001745,,1.0,,,1.0,20545,17,4.0,,1.0
28289,8,1,10/1/2014,nv,250001834,1.0,,,,1.0,20173,13,4.0,,1.0
28293,8,1,9/10/2014,nv,250001838,1.0,,,,1.0,20181,13,4.0,,1.0
28294,8,1,9/5/2014,nv,250001839,1.0,,,,1.0,20194,14,4.0,,1.0
28303,8,1,10/1/2014,nv,250001848,1.0,,,,1.0,20202,13,4.0,,1.0
28304,8,1,10/10/2014,nv,250001849,1.0,,,,1.0,20202,15,4.0,,
28308,8,1,10/10/2014,nv,250001853,1.0,,,,1.0,20202,14,4.0,,
28309,8,1,10/1/2014,nv,250001854,1.0,,,,1.0,20202,13,4.0,,1.0
28320,8,1,10/25/2014,nv,250001865,1.0,,,,1.0,20334,11,4.0,1.0,1.0
28321,8,1,10/17/2014,nv,250001866,1.0,,,,1.0,20209,14,4.0,,1.0
28322,8,2,10/19/2014,nv,250001867,1.0,,,,1.0,20279,13,,,1.0
28332,8,1,10/1/2014,nv,250001879,1.0,,,,1.0,20214,16,4.0,,1.0
28333,8,1,10/21/2014,nv,250001880,1.0,,,,1.0,20214,14,,,1.0
28334,8,1,10/1/2014,nv,250001881,1.0,,,,1.0,20214,14,4.0,,1.0
28335,8,1,10/21/2014,nv,250001882,1.0,,,,1.0,20216,14,4.0,1.0,1.0
28337,8,1,5/19/2015,nv,250001884,1.0,,,,1.0,20242,13,,,1.0
28339,8,1,5/19/2015,nv,250001886,1.0,,,,1.0,20242,11,4.0,1.0,1.0
28340,8,1,5/19/2015,nv,250001887,1.0,,,,1.0,20242,14,4.0,,1.0
28341,8,1,5/19/2015,nv,250001888,1.0,,,,1.0,20244,13,4.0,1.0,
28343,8,1,5/19/2015,nv,250001890,1.0,1.0,,,1.0,20244,12,4.0,,1.0
28344,8,1,5/19/2015,nv,250001891,1.0,,,,1.0,20244,15,4.0,,1.0
28345,8,1,5/19/2015,nv,250001892,1.0,,,,1.0,20244,15,4.0,1.0,
28348,8,1,6/6/2015,nv,250001895,1.0,,,,1.0,20256,15,4.0,,1.0
28350,8,1,6/25/2015,nv,250001897,1.0,,,,1.0,20269,12,4.0,,1.0
28351,8,99,6/26/2015,nv,250001898,1.0,,,,1.0,20562,13,4.0,,1.0
28352,8,1,6/25/2015,nv,250001899,1.0,,,,1.0,20269,11,4.0,,1.0
28353,8,1,9/12/2014,nv,250001900,1.0,,,,1.0,20279,12,4.0,,1.0
28355,8,1,7/1/2015,nv,250001903,1.0,,,,1.0,20291,15,,,
28356,8,1,7/1/2015,nv,250001904,1.0,,,,1.0,20291,12,4.0,,1.0
28358,8,1,7/24/2015,nv,250001906,1.0,,,,1.0,20307,11,4.0,,1.0
28363,8,1,7/28/2015,nv,250001912,1.0,,,,1.0,20307,14,4.0,1.0,1.0
28364,8,1,8/8/2015,nv,250001913,1.0,,,,1.0,20325,20,4.0,,1.0
28369,8,1,9/23/2015,nv,250001918,1.0,,,,1.0,20360,13,4.0,,
28374,8,1,12/2/2015,nv,250001923,1.0,,,,1.0,20458,11,4.0,,1.0
28375,8,1,12/2/2015,nv,250001924,1.0,,,,1.0,20458,11,4.0,1.0,1.0
28385,8,1,3/1/2016,nv,250001934,1.0,,,,1.0,20543,12,4.0,,1.0
28911,1,99,4/9/2015,ca,260000603,,1.0,,1.0,,20553,999,999.0,999.0,999.0
29038,99,99,10/22/2014,ca,260000734,1.0,1.0,,,,20255,14,999.0,,
29065,2,1,2/16/2016,nv,260001208,1.0,1.0,,,,20429,13,5.0,,1.0
29067,99,99,3/16/2015,nv,260001210,1.0,1.0,,,,20215,16,1.0,,1.0
29577,99,99,10/1/2015,wa,270000738,,1.0,,,1.0,20556,999,999.0,999.0,999.0
29594,1,99,12/4/2015,wa,270000755,,,1.0,,1.0,20559,999,999.0,999.0,999.0
29604,1,99,4/23/2014,wa,270000765,,,1.0,,1.0,20558,999,999.0,999.0,999.0
29612,1,1,4/21/2015,wa,270000773,,,1.0,,1.0,20248,20,4.0,,2.0
29613,1,1,10/21/2015,wa,270000774,,,1.0,,1.0,20396,19,4.0,,
29614,1,1,1/20/2016,wa,270000775,,,1.0,,1.0,20396,11,4.0,1.0,1.0
29615,1,1,12/3/2015,wa,270000776,,,1.0,,1.0,20425,19,4.0,,1.0
29649,99,99,11/22/2014,wa,270001189,,1.0,1.0,,,20534,17,2.0,,
29650,1,99,2/10/2015,wa,270001190,,1.0,1.0,,,20487,16,4.0,1.0,
29654,99,99,7/18/2015,wa,270001194,,1.0,1.0,,,20426,16,4.0,,
29656,99,99,10/8/2015,wa,270001196,,1.0,1.0,,,20509,17,4.0,,1.0
29687,99,1,12/3/2014,or,270001271,1.0,1.0,,,,20433,16,4.0,,1.0
29694,99,1,12/2/2015,or,270001278,1.0,1.0,,,,20384,13,999.0,1.0,
29695,99,1,6/14/2015,or,270001279,1.0,1.0,,,,20433,16,5.0,,
29712,9,99,10/8/2015,or,270001297,1.0,1.0,,,,20402,15,4.0,,
29718,99,1,9/30/2015,or,270001303,1.0,1.0,,,,20363,14,4.0,,1.0
29741,99,1,10/7/2015,or,270001328,1.0,1.0,,,,20328,15,4.0,,1.0
29749,99,99,10/13/2014,or,270001337,1.0,1.0,,,,20433,12,4.0,,1.0
30874,1,99,8/11/2014,ak,270002531,,1.0,1.0,,,20427,19,4.0,,1.0
30875,8,99,10/28/2014,ak,270002532,,1.0,1.0,,,20428,17,5.0,,
30932,1,99,11/3/2015,ak,270002589,,1.0,1.0,,,20556,999,999.0,999.0,999.0
31901,9,99,1/12/2016,or,280003459,,,1.0,,1.0,20569,999,999.0,999.0,999.0
31902,9,1,2/3/2016,or,280003460,,,1.0,,1.0,20363,18,4.0,,1.0
31903,9,99,1/26/2016,or,280003461,,,1.0,,1.0,20570,999,999.0,999.0,999.0
31904,8,1,1/11/2016,or,280003462,,,1.0,,1.0,20228,21,5.0,,1.0
31905,9,99,11/30/2015,or,280003463,,,1.0,,1.0,20569,999,999.0,999.0,999.0
31912,8,99,2/25/2016,or,280003470,1.0,,,,1.0,20569,999,999.0,999.0,999.0
31915,8,99,12/2/2014,or,280003473,1.0,,,,1.0,20579,999,999.0,999.0,999.0
31919,8,1,12/15/2014,or,280003478,1.0,,,,1.0,20216,14,4.0,,1.0
31921,8,99,8/5/2015,or,280003480,1.0,,,,1.0,20566,999,999.0,999.0,999.0
31926,8,99,11/21/2015,or,280003485,1.0,,,,1.0,20569,999,999.0,999.0,999.0
31929,8,2,1/22/2015,or,280003488,1.0,,,,1.0,20216,14,4.0,,1.0
31937,8,2,4/9/2015,or,280003498,1.0,,,,1.0,20220,17,999.0,999.0,
31942,8,2,3/31/2015,or,280003503,1.0,,,,1.0,20216,17,4.0,,
31947,8,2,3/26/2015,or,280003508,1.0,,,,1.0,20216,16,4.0,1.0,1.0
31960,8,99,11/10/2015,or,280003521,1.0,,,,1.0,20566,999,999.0,999.0,999.0
31965,8,99,6/8/2015,or,280003526,1.0,,,,1.0,20579,999,999.0,999.0,999.0
31971,8,99,6/8/2015,or,280003532,1.0,,,,1.0,20579,999,999.0,999.0,999.0
31974,8,99,11/10/2015,or,280003535,1.0,,,,1.0,20566,999,999.0,999.0,999.0
31975,8,99,2/9/2016,or,280003536,1.0,1.0,,,1.0,20565,999,999.0,999.0,999.0
31976,8,2,4/14/2015,or,280003537,1.0,,,,1.0,20216,15,4.0,,1.0
31978,9,99,2/24/2016,or,280003539,1.0,,,,1.0,20569,999,999.0,999.0,999.0
31984,9,99,2/19/2016,or,280003545,1.0,1.0,,,1.0,20566,999,999.0,999.0,999.0
31987,8,2,10/14/2014,or,280003548,1.0,,,,1.0,20213,14,4.0,,1.0
32005,9,99,3/12/2016,or,280003566,1.0,,,,1.0,20569,999,999.0,999.0,999.0
32006,8,1,2/4/2015,or,280003567,1.0,,,,1.0,20216,13,999.0,1.0,
32011,8,99,2/24/2016,or,280003572,1.0,,,,1.0,20569,999,999.0,999.0,999.0
32012,8,99,11/16/2015,or,280003573,1.0,,,,1.0,20566,999,999.0,999.0,999.0
32014,8,99,7/8/2015,or,280003575,1.0,,,,1.0,20579,999,999.0,999.0,999.0
32015,8,99,8/5/2015,or,280003576,1.0,,,,1.0,20566,999,999.0,999.0,999.0
32022,8,99,1/29/2016,or,280003585,1.0,,,,1.0,20569,999,999.0,999.0,999.0
32055,9,99,2/27/2016,or,280003618,1.0,1.0,,,1.0,20566,999,999.0,999.0,999.0
32346,1,1,9/30/2014,ct,290001131,,1.0,1.0,,,20424,17,4.0,1.0,1.0
32534,1,99,11/6/2014,ct,290001924,,,1.0,,1.0,20419,18,2.0,,
32561,1,1,9/15/2014,ct,290001951,,,1.0,,1.0,20389,20,2.0,,1.0
32563,1,1,3/11/2015,ct,290001953,,,1.0,,1.0,20419,21,2.0,,
32578,1,99,7/7/2014,ct,290001969,,,1.0,,1.0,20394,18,4.0,1.0,1.0
32594,1,99,4/19/2013,ct,290001985,,,1.0,,1.0,20568,20,2.0,,1.0
